Chromosome,Position,Effect_Size,P_Value,Adjusted_P_Value,-log10(P_Value)
1,503531,0.006972972972973038,0.8497635815736584,0.9840551818574598,0.07070188546175031
1,642780,-0.04389682024659313,0.24303797405597988,0.8906048865610997,0.6143258637083123
1,714980,0.029801157441756945,0.40809047794337694,0.9840551818574598,0.38924353858838845
1,504250,0.020445724681625123,0.5748162229414094,0.9840551818574598,0.2404709833448562
1,760983,0.04450877192982455,0.25508667417281994,0.8906048865610997,0.593312228510456
1,522386,-0.02765165728580361,0.454725538968636,0.9840551818574598,0.3422506536205361
1,525989,0.02423590054578542,0.505933971591449,0.9840551818574598,0.29590615834717604
1,632001,0.022520045819014914,0.5248117088388455,0.9840551818574598,0.2799964841747472
1,150322,-0.04462264150943383,0.21291695418253873,0.8906048865610997,0.6717897551198801
1,268874,-0.06092233762207415,0.09621841874863934,0.8906048865610997,1.0167417845606967
1,644429,-0.033584615384615366,0.35968441917543503,0.9840551818574598,0.44407837456038607
1,263884,0.005772225827384793,0.8784100931928014,0.9840551818574598,0.05630268269275955
1,727773,0.031256652868125324,0.38461225638795693,0.9840551818574598,0.41497688027214874
1,728308,-0.008217228464419482,0.8206956245619268,0.9840551818574598,0.0858178819583505
1,646726,0.04192753623188408,0.2380654643219488,0.8906048865610997,0.6233036022526848
1,646722,-0.02841965862271919,0.42828892760104953,0.9840551818574598,0.36826315311667757
1,32146,-0.02385322607125272,0.5293207860321838,0.9840551818574598,0.27628105125371816
1,828265,-0.010142015410182822,0.7805646074142768,0.9840551818574598,0.10759114451409414
1,74394,-0.06068378919279517,0.11036289200774142,0.8906048865610997,0.9571769275608536
1,747546,-0.004501766784452351,0.898288210338194,0.9840551818574598,0.04658430021729042
1,905141,-0.029522405660377372,0.4109432343281757,0.9840551818574598,0.386218165278869
1,292571,-0.009163890739506998,0.8105438205601666,0.9840551818574598,0.09122350084874663
1,45584,-0.05143325895786843,0.12738487523429776,0.8906048865610997,0.8948821339490474
1,76917,-0.01433968686181075,0.710504930162486,0.9840551818574598,0.14843290417573188
1,458038,-0.04505390835579515,0.23963869869456544,0.8906048865610997,0.6204430474162743
1,644306,-0.03804761904761911,0.3067158544526315,0.9584870451644734,0.5132637743164088
1,348551,0.05830953926022068,0.11996503416636703,0.8906048865610997,0.9209453179641878
1,840503,-0.00908363636363629,0.79927738327987,0.9840551818574598,0.09730247585249038
1,646861,0.01038956397426722,0.7930143512832156,0.9840551818574598,0.1007189531279049
1,126280,0.020969230769230802,0.5678973960559421,0.9840551818574598,0.24573012265503028
1,463210,-0.021232646192679755,0.5446409422720069,0.9840551818574598,0.26388971456699234
1,649185,0.017926390185357972,0.6000117663505734,0.9840551818574598,0.22184023293132107
1,500871,-0.008944680851063883,0.8169571589129987,0.9840551818574598,0.08780071719526296
1,467665,0.00042088282739401184,0.9906394798604378,0.9959880957129412,0.0040843681122208954
1,732585,0.008225806451612855,0.8269123794512128,0.9840551818574598,0.08254050633239139
1,134388,-0.014408035332668403,0.6835387217644718,0.9840551818574598,0.16523687806425288
1,956633,0.050249269118325765,0.1694266916928601,0.8906048865610997,0.7710181693195951
1,924878,-0.0019769831483764343,0.9545335264017359,0.9840551818574598,0.020208813131429873
1,242805,0.015510756518022532,0.6607575587593106,0.9840551818574598,0.17995786004084963
1,862871,-0.004274905422446516,0.9084927202011119,0.9840551818574598,0.041678548366022125
1,565681,0.05729825556658628,0.10199329729447942,0.8906048865610997,0.9914283678818949
1,485786,0.024032258064515984,0.5225421580971592,0.9840551818574598,0.28187866542672985
1,841833,-0.008749093019880957,0.8063020680497297,0.9840551818574598,0.09350222629585463
1,914096,0.002407272727272751,0.9462811818846472,0.9840551818574598,0.023979796371854992
1,592639,0.011089943785134247,0.764449950926872,0.9840551818574598,0.11665094288449966
1,477775,-0.0025234521575985477,0.9456866116965794,0.9840551818574598,0.024252759327311798
1,773619,0.05562295081967218,0.14030920276529626,0.8906048865610997,0.8529138430193016
1,393378,-0.04333538745955942,0.2368963595691482,0.8906048865610997,0.6254416131108294
1,902988,-0.011332061675409247,0.7615296731500641,0.9840551818574598,0.11831316963028883
1,492669,0.0006921086675291989,0.9853420507565818,0.9959880957129412,0.006412982731584147
1,573787,-0.01762923846581427,0.6134606133344056,0.9840551818574598,0.21221331551339903
1,810010,-0.014386100386100477,0.6958606606363585,0.9840551818574598,0.15747771495127727
1,436479,-0.031118711050311536,0.39331913780549954,0.9840551818574598,0.40525492152537873
1,499751,0.03833537331701324,0.29411812634268,0.9487681494925161,0.5314782093316958
1,162676,-0.04430306905370836,0.23517543622337964,0.8906048865610997,0.6286080417359778
1,56085,0.03805555555555555,0.27423546533842513,0.9141182177947504,0.5618763810389176
1,190662,-0.02463414634146339,0.45079214944796697,0.9840551818574598,0.3460236558049805
1,517450,0.0001733477789816265,0.9959880957129412,0.9959880957129412,0.001745852336418567
1,917894,0.05035077951002222,0.1475213220767286,0.8906048865610997,0.8311452041534133
1,694081,0.004375379017586515,0.9045183875996927,0.9840551818574598,0.0435826001121685
1,245854,0.0552911357720236,0.10847320270282639,0.8906048865610997,0.9646775369831371
1,757236,-0.004504283965728495,0.9021650123794576,0.9840551818574598,0.0447140196514943
1,751976,-0.006917366042608114,0.854158140757523,0.9840551818574598,0.068461715610514
1,738956,-0.0021049528301887374,0.9533308937807784,0.9840551818574598,0.020756332939117876
1,129018,0.01560034305317325,0.659444466208208,0.9840551818574598,0.18082177181561626
1,930536,-0.025912727272727344,0.46768647110413175,0.9840551818574598,0.33004519286635686
1,880935,-0.042584982625774245,0.2405400271916583,0.8906048865610997,0.6188126442713536
1,255953,0.04085380467345709,0.2582754171027189,0.8906048865610997,0.5879169284171142
1,939636,0.003961713173264186,0.9163785884715522,0.9840551818574598,0.03792506681708945
1,554339,0.08642181818181803,0.014033942457094153,0.8906048865610997,1.8528203085267214
1,963262,-0.0058720669556121055,0.8711886026981891,0.9840551818574598,0.05988781486116878
1,243899,0.01654394299287414,0.6465301322039634,0.9840551818574598,0.1894112295694262
1,12676,-0.014569834134242683,0.692713158514691,0.9840551818574598,0.15944656259263557
1,956330,0.05908004446914947,0.08831188237132825,0.8906048865610997,1.0539808581312102
1,336421,-0.04259515570934253,0.22939948333246724,0.8906048865610997,0.6394075645782173
1,963954,-0.06473359073359075,0.07630911662398651,0.8906048865610997,1.1174235739327547
1,491283,-0.02048817465130373,0.5740211918880969,0.9840551818574598,0.24107207389092836
1,311543,-0.036450906816760525,0.3238907588551607,0.9656893703312065,0.4896014429606901
1,291419,0.005872066955612012,0.8711886026981912,0.9840551818574598,0.059887814861167725
1,74734,0.07118461538461543,0.05042609464103133,0.8906048865610997,1.2973446654225917
1,792791,-0.013683656592993518,0.706295691438679,0.9840551818574598,0.15101344303400038
1,610852,-0.012942028985507198,0.7165953195647283,0.9840551818574598,0.14472603275077567
1,566790,0.017594713656387706,0.6544072829923723,0.9840551818574598,0.18415187598435195
1,658454,-0.025608365019011356,0.4575719622188651,0.9840551818574598,0.339540594850275
1,515277,-0.04942024720423785,0.16697478112702827,0.8906048865610997,0.7773491171423786
1,212892,0.023273211117681818,0.5177591078698598,0.9840551818574598,0.2858722527187564
1,915526,-0.033116301391777334,0.37583238766059734,0.9840551818574598,0.42500579694385754
1,878566,0.004660605110518827,0.900003968563011,0.9840551818574598,0.04575557553710088
1,609896,-0.042643135075041735,0.22027849173976793,0.8906048865610997,0.6570279058213097
1,605083,0.023696741854636647,0.5223073573414418,0.9840551818574598,0.2820738565480628
1,57090,0.018538105128614816,0.6203311269623166,0.9840551818574598,0.20737642626884437
1,377690,0.015298598415600273,0.6755224890195621,0.9840551818574598,0.17036018817485693
1,654794,0.04570075757575759,0.21767371063603852,0.8906048865610997,0.6621940193517974
1,308574,0.057309356408869735,0.09379860614022455,0.8906048865610997,1.0278036152468073
1,448,-0.044307128580946105,0.24486438645255948,0.8906048865610997,0.6110743749072911
1,879254,0.00874771480804383,0.8108951011286862,0.9840551818574598,0.09103532328269208
1,615568,-0.0186744432661718,0.583734656075096,0.9840551818574598,0.23378452204809635
1,782009,-0.035964966671833784,0.3283343859126102,0.9656893703312065,0.4836836319520843
1,545991,0.06820492946829955,0.06208120832424434,0.8906048865610997,1.2070398387304626
1,404678,-0.0045161290322581205,0.9044513658283985,0.9840551818574598,0.043614781065331086
